C:\Users\eguer\OneDrive\Desktop\simulator-windows-64\Data\IMG\center_2024_02_01_22_12_17_958.jpg, C:\Users\eguer\OneDrive\Desktop\simulator-windows-64\Data\IMG\left_2024_02_01_22_12_17_958.jpg, C:\Users\eguer\OneDrive\Desktop\simulator-windows-64\Data\IMG\right_2024_02_01_22_12_17_958.jpg, 0, 0, 0, 0.002253684
C:\Users\eguer\OneDrive\Desktop\simulator-windows-64\Data\IMG\center_2024_02_01_22_12_18_060.jpg, C:\Users\eguer\OneDrive\Desktop\simulator-windows-64\Data\IMG\left_2024_02_01_22_12_18_060.jpg, C:\Users\eguer\OneDrive\Desktop\simulator-windows-64\Data\IMG\right_2024_02_01_22_12_18_060.jpg, 0, 0, 0, 0.001463547
C:\Users\eguer\OneDrive\Desktop\simulator-windows-64\Data\IMG\center_2024_02_01_22_12_18_160.jpg, C:\Users\eguer\OneDrive\Desktop\simulator-windows-64\Data\IMG\left_2024_02_01_22_12_18_160.jpg, C:\Users\eguer\OneDrive\Desktop\simulator-windows-64\Data\IMG\right_2024_02_01_22_12_18_160.jpg, 0, 0, 0, 0.00150067
C:\Users\eguer\OneDrive\Desktop\simulator-windows-64\Data\IMG\center_2024_02_01_22_12_18_261.jpg, C:\Users\eguer\OneDrive\Desktop\simulator-windows-64\Data\IMG\left_2024_02_01_22_12_18_261.jpg, C:\Users\eguer\OneDrive\Desktop\simulator-windows-64\Data\IMG\right_2024_02_01_22_12_18_261.jpg, 0, 0, 0, 0.0009222726
C:\Users\eguer\OneDrive\Desktop\simulator-windows-64\Data\IMG\center_2024_02_01_22_12_18_363.jpg, C:\Users\eguer\OneDrive\Desktop\simulator-windows-64\Data\IMG\left_2024_02_01_22_12_18_363.jpg, C:\Users\eguer\OneDrive\Desktop\simulator-windows-64\Data\IMG\right_2024_02_01_22_12_18_363.jpg, 0, 0, 0, 0.0008008225
C:\Users\eguer\OneDrive\Desktop\simulator-windows-64\Data\IMG\center_2024_02_01_22_12_18_464.jpg, C:\Users\eguer\OneDrive\Desktop\simulator-windows-64\Data\IMG\left_2024_02_01_22_12_18_464.jpg, C:\Users\eguer\OneDrive\Desktop\simulator-windows-64\Data\IMG\right_2024_02_01_22_12_18_464.jpg, 0, 0, 0, 0.0003062506
C:\Users\eguer\OneDrive\Desktop\simulator-windows-64\Data\IMG\center_2024_02_01_22_12_18_565.jpg, C:\Users\eguer\OneDrive\Desktop\simulator-windows-64\Data\IMG\left_2024_02_01_22_12_18_565.jpg, C:\Users\eguer\OneDrive\Desktop\simulator-windows-64\Data\IMG\right_2024_02_01_22_12_18_565.jpg, 0, 0, 0, 0.0004929155
C:\Users\eguer\OneDrive\Desktop\simulator-windows-64\Data\IMG\center_2024_02_01_22_12_18_667.jpg, C:\Users\eguer\OneDrive\Desktop\simulator-windows-64\Data\IMG\left_2024_02_01_22_12_18_667.jpg, C:\Users\eguer\OneDrive\Desktop\simulator-windows-64\Data\IMG\right_2024_02_01_22_12_18_667.jpg, 0, 0, 0, 0.000551299
C:\Users\eguer\OneDrive\Desktop\simulator-windows-64\Data\IMG\center_2024_02_01_22_12_18_768.jpg, C:\Users\eguer\OneDrive\Desktop\simulator-windows-64\Data\IMG\left_2024_02_01_22_12_18_768.jpg, C:\Users\eguer\OneDrive\Desktop\simulator-windows-64\Data\IMG\right_2024_02_01_22_12_18_768.jpg, 0, 0, 0, 0.001016884
C:\Users\eguer\OneDrive\Desktop\simulator-windows-64\Data\IMG\center_2024_02_01_22_12_18_871.jpg, C:\Users\eguer\OneDrive\Desktop\simulator-windows-64\Data\IMG\left_2024_02_01_22_12_18_871.jpg, C:\Users\eguer\OneDrive\Desktop\simulator-windows-64\Data\IMG\right_2024_02_01_22_12_18_871.jpg, 0, 0, 0, 0.0005389657
C:\Users\eguer\OneDrive\Desktop\simulator-windows-64\Data\IMG\center_2024_02_01_22_12_18_974.jpg, C:\Users\eguer\OneDrive\Desktop\simulator-windows-64\Data\IMG\left_2024_02_01_22_12_18_974.jpg, C:\Users\eguer\OneDrive\Desktop\simulator-windows-64\Data\IMG\right_2024_02_01_22_12_18_974.jpg, 0, 0, 0, 0.001011098
C:\Users\eguer\OneDrive\Desktop\simulator-windows-64\Data\IMG\center_2024_02_01_22_12_19_074.jpg, C:\Users\eguer\OneDrive\Desktop\simulator-windows-64\Data\IMG\left_2024_02_01_22_12_19_074.jpg, C:\Users\eguer\OneDrive\Desktop\simulator-windows-64\Data\IMG\right_2024_02_01_22_12_19_074.jpg, 0, 0, 0, 0.001602096
C:\Users\eguer\OneDrive\Desktop\simulator-windows-64\Data\IMG\center_2024_02_01_22_12_19_175.jpg, C:\Users\eguer\OneDrive\Desktop\simulator-windows-64\Data\IMG\left_2024_02_01_22_12_19_175.jpg, C:\Users\eguer\OneDrive\Desktop\simulator-windows-64\Data\IMG\right_2024_02_01_22_12_19_175.jpg, 0, 0, 0, 0.002283127
C:\Users\eguer\OneDrive\Desktop\simulator-windows-64\Data\IMG\center_2024_02_01_22_12_19_277.jpg, C:\Users\eguer\OneDrive\Desktop\simulator-windows-64\Data\IMG\left_2024_02_01_22_12_19_277.jpg, C:\Users\eguer\OneDrive\Desktop\simulator-windows-64\Data\IMG\right_2024_02_01_22_12_19_277.jpg, 0, 0, 0, 0.002202715
C:\Users\eguer\OneDrive\Desktop\simulator-windows-64\Data\IMG\center_2024_02_01_22_12_19_378.jpg, C:\Users\eguer\OneDrive\Desktop\simulator-windows-64\Data\IMG\left_2024_02_01_22_12_19_378.jpg, C:\Users\eguer\OneDrive\Desktop\simulator-windows-64\Data\IMG\right_2024_02_01_22_12_19_378.jpg, 0, 0, 0, 0.001431893
C:\Users\eguer\OneDrive\Desktop\simulator-windows-64\Data\IMG\center_2024_02_01_22_12_19_479.jpg, C:\Users\eguer\OneDrive\Desktop\simulator-windows-64\Data\IMG\left_2024_02_01_22_12_19_479.jpg, C:\Users\eguer\OneDrive\Desktop\simulator-windows-64\Data\IMG\right_2024_02_01_22_12_19_479.jpg, 0, 0, 0, 0.001551013
C:\Users\eguer\OneDrive\Desktop\simulator-windows-64\Data\IMG\center_2024_02_01_22_12_19_583.jpg, C:\Users\eguer\OneDrive\Desktop\simulator-windows-64\Data\IMG\left_2024_02_01_22_12_19_583.jpg, C:\Users\eguer\OneDrive\Desktop\simulator-windows-64\Data\IMG\right_2024_02_01_22_12_19_583.jpg, 0, 0, 0, 0.000922418
C:\Users\eguer\OneDrive\Desktop\simulator-windows-64\Data\IMG\center_2024_02_01_22_12_19_686.jpg, C:\Users\eguer\OneDrive\Desktop\simulator-windows-64\Data\IMG\left_2024_02_01_22_12_19_686.jpg, C:\Users\eguer\OneDrive\Desktop\simulator-windows-64\Data\IMG\right_2024_02_01_22_12_19_686.jpg, 0, 0, 0, 0.0007974398
C:\Users\eguer\OneDrive\Desktop\simulator-windows-64\Data\IMG\center_2024_02_01_22_12_19_788.jpg, C:\Users\eguer\OneDrive\Desktop\simulator-windows-64\Data\IMG\left_2024_02_01_22_12_19_788.jpg, C:\Users\eguer\OneDrive\Desktop\simulator-windows-64\Data\IMG\right_2024_02_01_22_12_19_788.jpg, 0, 0, 0, 0.0002869235
C:\Users\eguer\OneDrive\Desktop\simulator-windows-64\Data\IMG\center_2024_02_01_22_12_19_890.jpg, C:\Users\eguer\OneDrive\Desktop\simulator-windows-64\Data\IMG\left_2024_02_01_22_12_19_890.jpg, C:\Users\eguer\OneDrive\Desktop\simulator-windows-64\Data\IMG\right_2024_02_01_22_12_19_890.jpg, 0, 0, 0, 0.0004560291
C:\Users\eguer\OneDrive\Desktop\simulator-windows-64\Data\IMG\center_2024_02_01_22_12_19_992.jpg, C:\Users\eguer\OneDrive\Desktop\simulator-windows-64\Data\IMG\left_2024_02_01_22_12_19_992.jpg, C:\Users\eguer\OneDrive\Desktop\simulator-windows-64\Data\IMG\right_2024_02_01_22_12_19_992.jpg, 0, 0, 0, 0.000298182
C:\Users\eguer\OneDrive\Desktop\simulator-windows-64\Data\IMG\center_2024_02_01_22_12_20_097.jpg, C:\Users\eguer\OneDrive\Desktop\simulator-windows-64\Data\IMG\left_2024_02_01_22_12_20_097.jpg, C:\Users\eguer\OneDrive\Desktop\simulator-windows-64\Data\IMG\right_2024_02_01_22_12_20_097.jpg, 0, 0, 0, 0.0005268434
C:\Users\eguer\OneDrive\Desktop\simulator-windows-64\Data\IMG\center_2024_02_01_22_12_20_197.jpg, C:\Users\eguer\OneDrive\Desktop\simulator-windows-64\Data\IMG\left_2024_02_01_22_12_20_197.jpg, C:\Users\eguer\OneDrive\Desktop\simulator-windows-64\Data\IMG\right_2024_02_01_22_12_20_197.jpg, 0, 0, 0, 0.0005047905
C:\Users\eguer\OneDrive\Desktop\simulator-windows-64\Data\IMG\center_2024_02_01_22_12_20_302.jpg, C:\Users\eguer\OneDrive\Desktop\simulator-windows-64\Data\IMG\left_2024_02_01_22_12_20_302.jpg, C:\Users\eguer\OneDrive\Desktop\simulator-windows-64\Data\IMG\right_2024_02_01_22_12_20_302.jpg, 0, 0, 0, 0.001012228
C:\Users\eguer\OneDrive\Desktop\simulator-windows-64\Data\IMG\center_2024_02_01_22_12_20_404.jpg, C:\Users\eguer\OneDrive\Desktop\simulator-windows-64\Data\IMG\left_2024_02_01_22_12_20_404.jpg, C:\Users\eguer\OneDrive\Desktop\simulator-windows-64\Data\IMG\right_2024_02_01_22_12_20_404.jpg, 0, 0, 0, 0.001608782
C:\Users\eguer\OneDrive\Desktop\simulator-windows-64\Data\IMG\center_2024_02_01_22_12_20_505.jpg, C:\Users\eguer\OneDrive\Desktop\simulator-windows-64\Data\IMG\left_2024_02_01_22_12_20_505.jpg, C:\Users\eguer\OneDrive\Desktop\simulator-windows-64\Data\IMG\right_2024_02_01_22_12_20_505.jpg, 0, 0, 0, 0.002271728
C:\Users\eguer\OneDrive\Desktop\simulator-windows-64\Data\IMG\center_2024_02_01_22_12_20_608.jpg, C:\Users\eguer\OneDrive\Desktop\simulator-windows-64\Data\IMG\left_2024_02_01_22_12_20_608.jpg, C:\Users\eguer\OneDrive\Desktop\simulator-windows-64\Data\IMG\right_2024_02_01_22_12_20_608.jpg, 0, 0, 0, 0.002252568
C:\Users\eguer\OneDrive\Desktop\simulator-windows-64\Data\IMG\center_2024_02_01_22_12_20_712.jpg, C:\Users\eguer\OneDrive\Desktop\simulator-windows-64\Data\IMG\left_2024_02_01_22_12_20_712.jpg, C:\Users\eguer\OneDrive\Desktop\simulator-windows-64\Data\IMG\right_2024_02_01_22_12_20_712.jpg, 0, 0, 0, 0.002153812
C:\Users\eguer\OneDrive\Desktop\simulator-windows-64\Data\IMG\center_2024_02_01_22_12_20_813.jpg, C:\Users\eguer\OneDrive\Desktop\simulator-windows-64\Data\IMG\left_2024_02_01_22_12_20_813.jpg, C:\Users\eguer\OneDrive\Desktop\simulator-windows-64\Data\IMG\right_2024_02_01_22_12_20_813.jpg, 0, 0, 0, 0.002311418
C:\Users\eguer\OneDrive\Desktop\simulator-windows-64\Data\IMG\center_2024_02_01_22_12_20_913.jpg, C:\Users\eguer\OneDrive\Desktop\simulator-windows-64\Data\IMG\left_2024_02_01_22_12_20_913.jpg, C:\Users\eguer\OneDrive\Desktop\simulator-windows-64\Data\IMG\right_2024_02_01_22_12_20_913.jpg, 0, 0, 0, 0.001545539
C:\Users\eguer\OneDrive\Desktop\simulator-windows-64\Data\IMG\center_2024_02_01_22_12_21_016.jpg, C:\Users\eguer\OneDrive\Desktop\simulator-windows-64\Data\IMG\left_2024_02_01_22_12_21_016.jpg, C:\Users\eguer\OneDrive\Desktop\simulator-windows-64\Data\IMG\right_2024_02_01_22_12_21_016.jpg, 0, 0, 0, 0.001475949
C:\Users\eguer\OneDrive\Desktop\simulator-windows-64\Data\IMG\center_2024_02_01_22_12_21_120.jpg, C:\Users\eguer\OneDrive\Desktop\simulator-windows-64\Data\IMG\left_2024_02_01_22_12_21_120.jpg, C:\Users\eguer\OneDrive\Desktop\simulator-windows-64\Data\IMG\right_2024_02_01_22_12_21_120.jpg, 0, 0, 0, 0.000881322
C:\Users\eguer\OneDrive\Desktop\simulator-windows-64\Data\IMG\center_2024_02_01_22_12_21_220.jpg, C:\Users\eguer\OneDrive\Desktop\simulator-windows-64\Data\IMG\left_2024_02_01_22_12_21_220.jpg, C:\Users\eguer\OneDrive\Desktop\simulator-windows-64\Data\IMG\right_2024_02_01_22_12_21_220.jpg, 0, 0, 0, 0.0008010566
C:\Users\eguer\OneDrive\Desktop\simulator-windows-64\Data\IMG\center_2024_02_01_22_12_21_323.jpg, C:\Users\eguer\OneDrive\Desktop\simulator-windows-64\Data\IMG\left_2024_02_01_22_12_21_323.jpg, C:\Users\eguer\OneDrive\Desktop\simulator-windows-64\Data\IMG\right_2024_02_01_22_12_21_323.jpg, 0, 0, 0, 0.0003628471
C:\Users\eguer\OneDrive\Desktop\simulator-windows-64\Data\IMG\center_2024_02_01_22_12_21_424.jpg, C:\Users\eguer\OneDrive\Desktop\simulator-windows-64\Data\IMG\left_2024_02_01_22_12_21_424.jpg, C:\Users\eguer\OneDrive\Desktop\simulator-windows-64\Data\IMG\right_2024_02_01_22_12_21_424.jpg, 0, 0, 0, 0.0004570184
C:\Users\eguer\OneDrive\Desktop\simulator-windows-64\Data\IMG\center_2024_02_01_22_12_21_526.jpg, C:\Users\eguer\OneDrive\Desktop\simulator-windows-64\Data\IMG\left_2024_02_01_22_12_21_526.jpg, C:\Users\eguer\OneDrive\Desktop\simulator-windows-64\Data\IMG\right_2024_02_01_22_12_21_526.jpg, 0, 0, 0, 0.0005660062
C:\Users\eguer\OneDrive\Desktop\simulator-windows-64\Data\IMG\center_2024_02_01_22_12_21_629.jpg, C:\Users\eguer\OneDrive\Desktop\simulator-windows-64\Data\IMG\left_2024_02_01_22_12_21_629.jpg, C:\Users\eguer\OneDrive\Desktop\simulator-windows-64\Data\IMG\right_2024_02_01_22_12_21_629.jpg, 0, 0, 0, 0.001056362
C:\Users\eguer\OneDrive\Desktop\simulator-windows-64\Data\IMG\center_2024_02_01_22_12_21_731.jpg, C:\Users\eguer\OneDrive\Desktop\simulator-windows-64\Data\IMG\left_2024_02_01_22_12_21_731.jpg, C:\Users\eguer\OneDrive\Desktop\simulator-windows-64\Data\IMG\right_2024_02_01_22_12_21_731.jpg, 0, 0, 0, 0.0004937653
C:\Users\eguer\OneDrive\Desktop\simulator-windows-64\Data\IMG\center_2024_02_01_22_12_21_836.jpg, C:\Users\eguer\OneDrive\Desktop\simulator-windows-64\Data\IMG\left_2024_02_01_22_12_21_836.jpg, C:\Users\eguer\OneDrive\Desktop\simulator-windows-64\Data\IMG\right_2024_02_01_22_12_21_836.jpg, 0, 0, 0, 0.0009889875
C:\Users\eguer\OneDrive\Desktop\simulator-windows-64\Data\IMG\center_2024_02_01_22_12_21_938.jpg, C:\Users\eguer\OneDrive\Desktop\simulator-windows-64\Data\IMG\left_2024_02_01_22_12_21_938.jpg, C:\Users\eguer\OneDrive\Desktop\simulator-windows-64\Data\IMG\right_2024_02_01_22_12_21_938.jpg, 0, 0, 0, 0.001650815
C:\Users\eguer\OneDrive\Desktop\simulator-windows-64\Data\IMG\center_2024_02_01_22_12_22_040.jpg, C:\Users\eguer\OneDrive\Desktop\simulator-windows-64\Data\IMG\left_2024_02_01_22_12_22_040.jpg, C:\Users\eguer\OneDrive\Desktop\simulator-windows-64\Data\IMG\right_2024_02_01_22_12_22_040.jpg, 0, 0, 0, 0.002283492
C:\Users\eguer\OneDrive\Desktop\simulator-windows-64\Data\IMG\center_2024_02_01_22_12_22_143.jpg, C:\Users\eguer\OneDrive\Desktop\simulator-windows-64\Data\IMG\left_2024_02_01_22_12_22_143.jpg, C:\Users\eguer\OneDrive\Desktop\simulator-windows-64\Data\IMG\right_2024_02_01_22_12_22_143.jpg, 0, 0, 0, 0.002280197
C:\Users\eguer\OneDrive\Desktop\simulator-windows-64\Data\IMG\center_2024_02_01_22_12_22_244.jpg, C:\Users\eguer\OneDrive\Desktop\simulator-windows-64\Data\IMG\left_2024_02_01_22_12_22_244.jpg, C:\Users\eguer\OneDrive\Desktop\simulator-windows-64\Data\IMG\right_2024_02_01_22_12_22_244.jpg, 0, 0, 0, 0.001483324
C:\Users\eguer\OneDrive\Desktop\simulator-windows-64\Data\IMG\center_2024_02_01_22_12_22_345.jpg, C:\Users\eguer\OneDrive\Desktop\simulator-windows-64\Data\IMG\left_2024_02_01_22_12_22_345.jpg, C:\Users\eguer\OneDrive\Desktop\simulator-windows-64\Data\IMG\right_2024_02_01_22_12_22_345.jpg, 0, 0, 0, 0.001464293
C:\Users\eguer\OneDrive\Desktop\simulator-windows-64\Data\IMG\center_2024_02_01_22_12_22_446.jpg, C:\Users\eguer\OneDrive\Desktop\simulator-windows-64\Data\IMG\left_2024_02_01_22_12_22_446.jpg, C:\Users\eguer\OneDrive\Desktop\simulator-windows-64\Data\IMG\right_2024_02_01_22_12_22_446.jpg, 0, 0.2247507, 0, 0.001401978
C:\Users\eguer\OneDrive\Desktop\simulator-windows-64\Data\IMG\center_2024_02_01_22_12_22_548.jpg, C:\Users\eguer\OneDrive\Desktop\simulator-windows-64\Data\IMG\left_2024_02_01_22_12_22_548.jpg, C:\Users\eguer\OneDrive\Desktop\simulator-windows-64\Data\IMG\right_2024_02_01_22_12_22_548.jpg, 0, 0.5268028, 0, 0.001238382
C:\Users\eguer\OneDrive\Desktop\simulator-windows-64\Data\IMG\center_2024_02_01_22_12_22_652.jpg, C:\Users\eguer\OneDrive\Desktop\simulator-windows-64\Data\IMG\left_2024_02_01_22_12_22_652.jpg, C:\Users\eguer\OneDrive\Desktop\simulator-windows-64\Data\IMG\right_2024_02_01_22_12_22_652.jpg, 0, 0.8838268, 0, 0.002330741
C:\Users\eguer\OneDrive\Desktop\simulator-windows-64\Data\IMG\center_2024_02_01_22_12_22_752.jpg, C:\Users\eguer\OneDrive\Desktop\simulator-windows-64\Data\IMG\left_2024_02_01_22_12_22_752.jpg, C:\Users\eguer\OneDrive\Desktop\simulator-windows-64\Data\IMG\right_2024_02_01_22_12_22_752.jpg, 0, 1, 0, 0.002074262
C:\Users\eguer\OneDrive\Desktop\simulator-windows-64\Data\IMG\center_2024_02_01_22_12_22_855.jpg, C:\Users\eguer\OneDrive\Desktop\simulator-windows-64\Data\IMG\left_2024_02_01_22_12_22_855.jpg, C:\Users\eguer\OneDrive\Desktop\simulator-windows-64\Data\IMG\right_2024_02_01_22_12_22_855.jpg, 0, 1, 0, 0.003443479
C:\Users\eguer\OneDrive\Desktop\simulator-windows-64\Data\IMG\center_2024_02_01_22_12_22_955.jpg, C:\Users\eguer\OneDrive\Desktop\simulator-windows-64\Data\IMG\left_2024_02_01_22_12_22_955.jpg, C:\Users\eguer\OneDrive\Desktop\simulator-windows-64\Data\IMG\right_2024_02_01_22_12_22_955.jpg, -0.2874402, 1, 0, 0.0009778393
C:\Users\eguer\OneDrive\Desktop\simulator-windows-64\Data\IMG\center_2024_02_01_22_12_23_056.jpg, C:\Users\eguer\OneDrive\Desktop\simulator-windows-64\Data\IMG\left_2024_02_01_22_12_23_056.jpg, C:\Users\eguer\OneDrive\Desktop\simulator-windows-64\Data\IMG\right_2024_02_01_22_12_23_056.jpg, -0.5896202, 1, 0, 0.001058628
C:\Users\eguer\OneDrive\Desktop\simulator-windows-64\Data\IMG\center_2024_02_01_22_12_23_156.jpg, C:\Users\eguer\OneDrive\Desktop\simulator-windows-64\Data\IMG\left_2024_02_01_22_12_23_156.jpg, C:\Users\eguer\OneDrive\Desktop\simulator-windows-64\Data\IMG\right_2024_02_01_22_12_23_156.jpg, -0.4358424, 1, 0, 0.001274282
C:\Users\eguer\OneDrive\Desktop\simulator-windows-64\Data\IMG\center_2024_02_01_22_12_23_258.jpg, C:\Users\eguer\OneDrive\Desktop\simulator-windows-64\Data\IMG\left_2024_02_01_22_12_23_258.jpg, C:\Users\eguer\OneDrive\Desktop\simulator-windows-64\Data\IMG\right_2024_02_01_22_12_23_258.jpg, -0.1265586, 1, 0, 0.002397768
C:\Users\eguer\OneDrive\Desktop\simulator-windows-64\Data\IMG\center_2024_02_01_22_12_23_359.jpg, C:\Users\eguer\OneDrive\Desktop\simulator-windows-64\Data\IMG\left_2024_02_01_22_12_23_359.jpg, C:\Users\eguer\OneDrive\Desktop\simulator-windows-64\Data\IMG\right_2024_02_01_22_12_23_359.jpg, 0, 1, 0, 0.002832357
C:\Users\eguer\OneDrive\Desktop\simulator-windows-64\Data\IMG\center_2024_02_01_22_12_23_462.jpg, C:\Users\eguer\OneDrive\Desktop\simulator-windows-64\Data\IMG\left_2024_02_01_22_12_23_462.jpg, C:\Users\eguer\OneDrive\Desktop\simulator-windows-64\Data\IMG\right_2024_02_01_22_12_23_462.jpg, 0, 1, 0, 0.00116562
C:\Users\eguer\OneDrive\Desktop\simulator-windows-64\Data\IMG\center_2024_02_01_22_12_23_563.jpg, C:\Users\eguer\OneDrive\Desktop\simulator-windows-64\Data\IMG\left_2024_02_01_22_12_23_563.jpg, C:\Users\eguer\OneDrive\Desktop\simulator-windows-64\Data\IMG\right_2024_02_01_22_12_23_563.jpg, 0, 1, 0, 0.001169983
C:\Users\eguer\OneDrive\Desktop\simulator-windows-64\Data\IMG\center_2024_02_01_22_12_23_666.jpg, C:\Users\eguer\OneDrive\Desktop\simulator-windows-64\Data\IMG\left_2024_02_01_22_12_23_666.jpg, C:\Users\eguer\OneDrive\Desktop\simulator-windows-64\Data\IMG\right_2024_02_01_22_12_23_666.jpg, 0, 1, 0, 0.0007727789
C:\Users\eguer\OneDrive\Desktop\simulator-windows-64\Data\IMG\center_2024_02_01_22_12_23_766.jpg, C:\Users\eguer\OneDrive\Desktop\simulator-windows-64\Data\IMG\left_2024_02_01_22_12_23_766.jpg, C:\Users\eguer\OneDrive\Desktop\simulator-windows-64\Data\IMG\right_2024_02_01_22_12_23_766.jpg, 0, 1, 0, 0.001667147
C:\Users\eguer\OneDrive\Desktop\simulator-windows-64\Data\IMG\center_2024_02_01_22_12_23_871.jpg, C:\Users\eguer\OneDrive\Desktop\simulator-windows-64\Data\IMG\left_2024_02_01_22_12_23_871.jpg, C:\Users\eguer\OneDrive\Desktop\simulator-windows-64\Data\IMG\right_2024_02_01_22_12_23_871.jpg, 0, 1, 0, 0.001125686
C:\Users\eguer\OneDrive\Desktop\simulator-windows-64\Data\IMG\center_2024_02_01_22_12_23_974.jpg, C:\Users\eguer\OneDrive\Desktop\simulator-windows-64\Data\IMG\left_2024_02_01_22_12_23_974.jpg, C:\Users\eguer\OneDrive\Desktop\simulator-windows-64\Data\IMG\right_2024_02_01_22_12_23_974.jpg, 0, 1, 0, 0.001118238
C:\Users\eguer\OneDrive\Desktop\simulator-windows-64\Data\IMG\center_2024_02_01_22_12_24_075.jpg, C:\Users\eguer\OneDrive\Desktop\simulator-windows-64\Data\IMG\left_2024_02_01_22_12_24_075.jpg, C:\Users\eguer\OneDrive\Desktop\simulator-windows-64\Data\IMG\right_2024_02_01_22_12_24_075.jpg, 0, 1, 0, 0.0007933486
C:\Users\eguer\OneDrive\Desktop\simulator-windows-64\Data\IMG\center_2024_02_01_22_12_24_181.jpg, C:\Users\eguer\OneDrive\Desktop\simulator-windows-64\Data\IMG\left_2024_02_01_22_12_24_181.jpg, C:\Users\eguer\OneDrive\Desktop\simulator-windows-64\Data\IMG\right_2024_02_01_22_12_24_181.jpg, -0.1419231, 1, 0, 0.00166635
C:\Users\eguer\OneDrive\Desktop\simulator-windows-64\Data\IMG\center_2024_02_01_22_12_24_282.jpg, C:\Users\eguer\OneDrive\Desktop\simulator-windows-64\Data\IMG\left_2024_02_01_22_12_24_282.jpg, C:\Users\eguer\OneDrive\Desktop\simulator-windows-64\Data\IMG\right_2024_02_01_22_12_24_282.jpg, -0.4480647, 1, 0, 0.001877705
C:\Users\eguer\OneDrive\Desktop\simulator-windows-64\Data\IMG\center_2024_02_01_22_12_24_384.jpg, C:\Users\eguer\OneDrive\Desktop\simulator-windows-64\Data\IMG\left_2024_02_01_22_12_24_384.jpg, C:\Users\eguer\OneDrive\Desktop\simulator-windows-64\Data\IMG\right_2024_02_01_22_12_24_384.jpg, -0.629444, 1, 0, 0.002379506
C:\Users\eguer\OneDrive\Desktop\simulator-windows-64\Data\IMG\center_2024_02_01_22_12_24_486.jpg, C:\Users\eguer\OneDrive\Desktop\simulator-windows-64\Data\IMG\left_2024_02_01_22_12_24_486.jpg, C:\Users\eguer\OneDrive\Desktop\simulator-windows-64\Data\IMG\right_2024_02_01_22_12_24_486.jpg, -0.3504151, 1, 0, 0.002194489
C:\Users\eguer\OneDrive\Desktop\simulator-windows-64\Data\IMG\center_2024_02_01_22_12_24_586.jpg, C:\Users\eguer\OneDrive\Desktop\simulator-windows-64\Data\IMG\left_2024_02_01_22_12_24_586.jpg, C:\Users\eguer\OneDrive\Desktop\simulator-windows-64\Data\IMG\right_2024_02_01_22_12_24_586.jpg, -0.6437356, 1, 0, 0.001911861
C:\Users\eguer\OneDrive\Desktop\simulator-windows-64\Data\IMG\center_2024_02_01_22_12_24_688.jpg, C:\Users\eguer\OneDrive\Desktop\simulator-windows-64\Data\IMG\left_2024_02_01_22_12_24_688.jpg, C:\Users\eguer\OneDrive\Desktop\simulator-windows-64\Data\IMG\right_2024_02_01_22_12_24_688.jpg, -0.9510413, 1, 0, 0.001883944
C:\Users\eguer\OneDrive\Desktop\simulator-windows-64\Data\IMG\center_2024_02_01_22_12_24_788.jpg, C:\Users\eguer\OneDrive\Desktop\simulator-windows-64\Data\IMG\left_2024_02_01_22_12_24_788.jpg, C:\Users\eguer\OneDrive\Desktop\simulator-windows-64\Data\IMG\right_2024_02_01_22_12_24_788.jpg, -0.919318, 1, 0, 0.001502974
C:\Users\eguer\OneDrive\Desktop\simulator-windows-64\Data\IMG\center_2024_02_01_22_12_24_892.jpg, C:\Users\eguer\OneDrive\Desktop\simulator-windows-64\Data\IMG\left_2024_02_01_22_12_24_892.jpg, C:\Users\eguer\OneDrive\Desktop\simulator-windows-64\Data\IMG\right_2024_02_01_22_12_24_892.jpg, -0.562955, 1, 0, 0.002059916
C:\Users\eguer\OneDrive\Desktop\simulator-windows-64\Data\IMG\center_2024_02_01_22_12_24_992.jpg, C:\Users\eguer\OneDrive\Desktop\simulator-windows-64\Data\IMG\left_2024_02_01_22_12_24_992.jpg, C:\Users\eguer\OneDrive\Desktop\simulator-windows-64\Data\IMG\right_2024_02_01_22_12_24_992.jpg, -0.259441, 1, 0, 0.00257266
C:\Users\eguer\OneDrive\Desktop\simulator-windows-64\Data\IMG\center_2024_02_01_22_12_25_094.jpg, C:\Users\eguer\OneDrive\Desktop\simulator-windows-64\Data\IMG\left_2024_02_01_22_12_25_094.jpg, C:\Users\eguer\OneDrive\Desktop\simulator-windows-64\Data\IMG\right_2024_02_01_22_12_25_094.jpg, 0, 0.708361, 0, 0.002863902
C:\Users\eguer\OneDrive\Desktop\simulator-windows-64\Data\IMG\center_2024_02_01_22_12_25_196.jpg, C:\Users\eguer\OneDrive\Desktop\simulator-windows-64\Data\IMG\left_2024_02_01_22_12_25_196.jpg, C:\Users\eguer\OneDrive\Desktop\simulator-windows-64\Data\IMG\right_2024_02_01_22_12_25_196.jpg, 0, 0.4280791, 0, 0.001126176
C:\Users\eguer\OneDrive\Desktop\simulator-windows-64\Data\IMG\center_2024_02_01_22_12_25_298.jpg, C:\Users\eguer\OneDrive\Desktop\simulator-windows-64\Data\IMG\left_2024_02_01_22_12_25_298.jpg, C:\Users\eguer\OneDrive\Desktop\simulator-windows-64\Data\IMG\right_2024_02_01_22_12_25_298.jpg, 0, 0.7154406, 0, 0.00107504
C:\Users\eguer\OneDrive\Desktop\simulator-windows-64\Data\IMG\center_2024_02_01_22_12_25_401.jpg, C:\Users\eguer\OneDrive\Desktop\simulator-windows-64\Data\IMG\left_2024_02_01_22_12_25_401.jpg, C:\Users\eguer\OneDrive\Desktop\simulator-windows-64\Data\IMG\right_2024_02_01_22_12_25_401.jpg, 0, 0.5089596, 0, 0.0007931794
C:\Users\eguer\OneDrive\Desktop\simulator-windows-64\Data\IMG\center_2024_02_01_22_12_25_501.jpg, C:\Users\eguer\OneDrive\Desktop\simulator-windows-64\Data\IMG\left_2024_02_01_22_12_25_501.jpg, C:\Users\eguer\OneDrive\Desktop\simulator-windows-64\Data\IMG\right_2024_02_01_22_12_25_501.jpg, 0, 0.7940214, 0, 0.001769139
C:\Users\eguer\OneDrive\Desktop\simulator-windows-64\Data\IMG\center_2024_02_01_22_12_25_602.jpg, C:\Users\eguer\OneDrive\Desktop\simulator-windows-64\Data\IMG\left_2024_02_01_22_12_25_602.jpg, C:\Users\eguer\OneDrive\Desktop\simulator-windows-64\Data\IMG\right_2024_02_01_22_12_25_602.jpg, 0, 0.4989201, 0, 0.00188135
C:\Users\eguer\OneDrive\Desktop\simulator-windows-64\Data\IMG\center_2024_02_01_22_12_25_703.jpg, C:\Users\eguer\OneDrive\Desktop\simulator-windows-64\Data\IMG\left_2024_02_01_22_12_25_703.jpg, C:\Users\eguer\OneDrive\Desktop\simulator-windows-64\Data\IMG\right_2024_02_01_22_12_25_703.jpg, 0, 0, 0.1621965, 0.002560391
C:\Users\eguer\OneDrive\Desktop\simulator-windows-64\Data\IMG\center_2024_02_01_22_12_25_803.jpg, C:\Users\eguer\OneDrive\Desktop\simulator-windows-64\Data\IMG\left_2024_02_01_22_12_25_803.jpg, C:\Users\eguer\OneDrive\Desktop\simulator-windows-64\Data\IMG\right_2024_02_01_22_12_25_803.jpg, 0, 0, 0.4604958, 0.002777833
C:\Users\eguer\OneDrive\Desktop\simulator-windows-64\Data\IMG\center_2024_02_01_22_12_25_904.jpg, C:\Users\eguer\OneDrive\Desktop\simulator-windows-64\Data\IMG\left_2024_02_01_22_12_25_904.jpg, C:\Users\eguer\OneDrive\Desktop\simulator-windows-64\Data\IMG\right_2024_02_01_22_12_25_904.jpg, 0, 0, 0.2320173, 0.001208615
C:\Users\eguer\OneDrive\Desktop\simulator-windows-64\Data\IMG\center_2024_02_01_22_12_26_005.jpg, C:\Users\eguer\OneDrive\Desktop\simulator-windows-64\Data\IMG\left_2024_02_01_22_12_26_005.jpg, C:\Users\eguer\OneDrive\Desktop\simulator-windows-64\Data\IMG\right_2024_02_01_22_12_26_005.jpg, 0, 0, 0, 0.0009046623
C:\Users\eguer\OneDrive\Desktop\simulator-windows-64\Data\IMG\center_2024_02_01_22_12_26_105.jpg, C:\Users\eguer\OneDrive\Desktop\simulator-windows-64\Data\IMG\left_2024_02_01_22_12_26_105.jpg, C:\Users\eguer\OneDrive\Desktop\simulator-windows-64\Data\IMG\right_2024_02_01_22_12_26_105.jpg, 0, 0, 0, 0.0009797385
C:\Users\eguer\OneDrive\Desktop\simulator-windows-64\Data\IMG\center_2024_02_01_22_12_26_208.jpg, C:\Users\eguer\OneDrive\Desktop\simulator-windows-64\Data\IMG\left_2024_02_01_22_12_26_208.jpg, C:\Users\eguer\OneDrive\Desktop\simulator-windows-64\Data\IMG\right_2024_02_01_22_12_26_208.jpg, 0, 0, 0, 0.001354332
C:\Users\eguer\OneDrive\Desktop\simulator-windows-64\Data\IMG\center_2024_02_01_22_12_26_313.jpg, C:\Users\eguer\OneDrive\Desktop\simulator-windows-64\Data\IMG\left_2024_02_01_22_12_26_313.jpg, C:\Users\eguer\OneDrive\Desktop\simulator-windows-64\Data\IMG\right_2024_02_01_22_12_26_313.jpg, 0, 0, 0, 0.001132062
C:\Users\eguer\OneDrive\Desktop\simulator-windows-64\Data\IMG\center_2024_02_01_22_12_26_414.jpg, C:\Users\eguer\OneDrive\Desktop\simulator-windows-64\Data\IMG\left_2024_02_01_22_12_26_414.jpg, C:\Users\eguer\OneDrive\Desktop\simulator-windows-64\Data\IMG\right_2024_02_01_22_12_26_414.jpg, 0, 0, 0, 0.001885388
C:\Users\eguer\OneDrive\Desktop\simulator-windows-64\Data\IMG\center_2024_02_01_22_12_26_518.jpg, C:\Users\eguer\OneDrive\Desktop\simulator-windows-64\Data\IMG\left_2024_02_01_22_12_26_518.jpg, C:\Users\eguer\OneDrive\Desktop\simulator-windows-64\Data\IMG\right_2024_02_01_22_12_26_518.jpg, 0, 0, 0, 0.002426279
C:\Users\eguer\OneDrive\Desktop\simulator-windows-64\Data\IMG\center_2024_02_01_22_12_26_620.jpg, C:\Users\eguer\OneDrive\Desktop\simulator-windows-64\Data\IMG\left_2024_02_01_22_12_26_620.jpg, C:\Users\eguer\OneDrive\Desktop\simulator-windows-64\Data\IMG\right_2024_02_01_22_12_26_620.jpg, 0, 0, 0, 0.002473176
C:\Users\eguer\OneDrive\Desktop\simulator-windows-64\Data\IMG\center_2024_02_01_22_12_26_722.jpg, C:\Users\eguer\OneDrive\Desktop\simulator-windows-64\Data\IMG\left_2024_02_01_22_12_26_722.jpg, C:\Users\eguer\OneDrive\Desktop\simulator-windows-64\Data\IMG\right_2024_02_01_22_12_26_722.jpg, 0, 0, 0, 0.001426566
C:\Users\eguer\OneDrive\Desktop\simulator-windows-64\Data\IMG\center_2024_02_01_22_12_26_825.jpg, C:\Users\eguer\OneDrive\Desktop\simulator-windows-64\Data\IMG\left_2024_02_01_22_12_26_825.jpg, C:\Users\eguer\OneDrive\Desktop\simulator-windows-64\Data\IMG\right_2024_02_01_22_12_26_825.jpg, 0, 0, 0, 0.001478518
C:\Users\eguer\OneDrive\Desktop\simulator-windows-64\Data\IMG\center_2024_02_01_22_12_26_925.jpg, C:\Users\eguer\OneDrive\Desktop\simulator-windows-64\Data\IMG\left_2024_02_01_22_12_26_925.jpg, C:\Users\eguer\OneDrive\Desktop\simulator-windows-64\Data\IMG\right_2024_02_01_22_12_26_925.jpg, 0, 0, 0, 0.000943193
C:\Users\eguer\OneDrive\Desktop\simulator-windows-64\Data\IMG\center_2024_02_01_22_12_27_025.jpg, C:\Users\eguer\OneDrive\Desktop\simulator-windows-64\Data\IMG\left_2024_02_01_22_12_27_025.jpg, C:\Users\eguer\OneDrive\Desktop\simulator-windows-64\Data\IMG\right_2024_02_01_22_12_27_025.jpg, 0, 0, 0, 0.0008844661
C:\Users\eguer\OneDrive\Desktop\simulator-windows-64\Data\IMG\center_2024_02_01_22_12_27_129.jpg, C:\Users\eguer\OneDrive\Desktop\simulator-windows-64\Data\IMG\left_2024_02_01_22_12_27_129.jpg, C:\Users\eguer\OneDrive\Desktop\simulator-windows-64\Data\IMG\right_2024_02_01_22_12_27_129.jpg, 0, 0, 0, 0.0003217303
C:\Users\eguer\OneDrive\Desktop\simulator-windows-64\Data\IMG\center_2024_02_01_22_12_27_229.jpg, C:\Users\eguer\OneDrive\Desktop\simulator-windows-64\Data\IMG\left_2024_02_01_22_12_27_229.jpg, C:\Users\eguer\OneDrive\Desktop\simulator-windows-64\Data\IMG\right_2024_02_01_22_12_27_229.jpg, 0, 0, 0, 0.0005252032
C:\Users\eguer\OneDrive\Desktop\simulator-windows-64\Data\IMG\center_2024_02_01_22_12_27_330.jpg, C:\Users\eguer\OneDrive\Desktop\simulator-windows-64\Data\IMG\left_2024_02_01_22_12_27_330.jpg, C:\Users\eguer\OneDrive\Desktop\simulator-windows-64\Data\IMG\right_2024_02_01_22_12_27_330.jpg, 0, 0, 0, 0.000518441
C:\Users\eguer\OneDrive\Desktop\simulator-windows-64\Data\IMG\center_2024_02_01_22_12_27_432.jpg, C:\Users\eguer\OneDrive\Desktop\simulator-windows-64\Data\IMG\left_2024_02_01_22_12_27_432.jpg, C:\Users\eguer\OneDrive\Desktop\simulator-windows-64\Data\IMG\right_2024_02_01_22_12_27_432.jpg, 0, 0, 0, 0.0004548538
C:\Users\eguer\OneDrive\Desktop\simulator-windows-64\Data\IMG\center_2024_02_01_22_12_27_539.jpg, C:\Users\eguer\OneDrive\Desktop\simulator-windows-64\Data\IMG\left_2024_02_01_22_12_27_539.jpg, C:\Users\eguer\OneDrive\Desktop\simulator-windows-64\Data\IMG\right_2024_02_01_22_12_27_539.jpg, 0, 0, 0, 0.0005654415
C:\Users\eguer\OneDrive\Desktop\simulator-windows-64\Data\IMG\center_2024_02_01_22_12_27_642.jpg, C:\Users\eguer\OneDrive\Desktop\simulator-windows-64\Data\IMG\left_2024_02_01_22_12_27_642.jpg, C:\Users\eguer\OneDrive\Desktop\simulator-windows-64\Data\IMG\right_2024_02_01_22_12_27_642.jpg, 0, 0, 0, 0.001069372
C:\Users\eguer\OneDrive\Desktop\simulator-windows-64\Data\IMG\center_2024_02_01_22_12_27_742.jpg, C:\Users\eguer\OneDrive\Desktop\simulator-windows-64\Data\IMG\left_2024_02_01_22_12_27_742.jpg, C:\Users\eguer\OneDrive\Desktop\simulator-windows-64\Data\IMG\right_2024_02_01_22_12_27_742.jpg, 0, 0, 0, 0.001617339
C:\Users\eguer\OneDrive\Desktop\simulator-windows-64\Data\IMG\center_2024_02_01_22_12_27_844.jpg, C:\Users\eguer\OneDrive\Desktop\simulator-windows-64\Data\IMG\left_2024_02_01_22_12_27_844.jpg, C:\Users\eguer\OneDrive\Desktop\simulator-windows-64\Data\IMG\right_2024_02_01_22_12_27_844.jpg, 0, 0, 0, 0.002260178
